{
  "n_ok": 44380,
  "n_total_manifest": 175968,
  "n_cohorts": 3,
  "inj_per_cohort": 300,
  "fwer_sigma": 4.389413018064805,
  "cohort_edges_scatter": [
    0.0009006997706220143,
    0.001642891907673205
  ],
  "cohorts": {
    "0": {
      "n": 14794,
      "median_scatter_ppm": 595.3944882153933,
      "delta0": 3.8376327755107713,
      "sigma0": 0.7815343688763128,
      "lambda": 0.6107959697348966,
      "threshold_sde": 7.26810990832152
    },
    "1": {
      "n": 14792,
      "median_scatter_ppm": 1262.2591456791147,
      "delta0": 4.029286630391695,
      "sigma0": 0.9318738445108194,
      "lambda": 0.868388862083375,
      "threshold_sde": 8.119665814681584
    },
    "2": {
      "n": 14794,
      "median_scatter_ppm": 2051.0959514739156,
      "delta0": 4.034020549776369,
      "sigma0": 1.0741184082477027,
      "lambda": 1.1537303549365785,
      "threshold_sde": 8.748769873881882
    }
  },
  "completeness": {
    "planet": {
      "0.005": {
        "0": 0.20666666666666667,
        "1": 0.12,
        "2": 0.08666666666666667
      },
      "0.010": {
        "0": 0.06666666666666667,
        "1": 0.07666666666666666,
        "2": 0.056666666666666664
      },
      "0.020": {
        "0": 0.016666666666666666,
        "1": 0.03,
        "2": 0.04666666666666667
      }
    },
    "box": {
      "0.005": {
        "0": 0.66,
        "1": 0.65,
        "2": 0.2633333333333333
      },
      "0.010": {
        "0": 0.9066666666666666,
        "1": 0.89,
        "2": 0.6433333333333333
      },
      "0.020": {
        "0": 0.9733333333333334,
        "1": 0.9266666666666666,
        "2": 0.7266666666666667
      }
    },
    "tail": {
      "0.005": {
        "0": 0.55,
        "1": 0.6133333333333333,
        "2": 0.47333333333333333
      },
      "0.010": {
        "0": 0.55,
        "1": 0.6166666666666667,
        "2": 0.5466666666666666
      },
      "0.020": {
        "0": 0.5733333333333334,
        "1": 0.5866666666666667,
        "2": 0.5533333333333333
      }
    }
  },
  "illustrative_fmax_at_1pct": {
    "planet": 0.0010180016627360491,
    "box": 8.343588994806116e-05,
    "tail": 0.00011883958689246891
  },
  "note": "Frozen Phase-2 detection calibration (T0 / G<11). Noise floor + synthetic injections only; no real candidate revealed. Step 4 applies threshold_sde. | Battery-v3 C_i refresh (T0T1, tiers [0, 1]): bars/edges/nulls unchanged; completeness recomputed with the red-noise-aware depth-variability test. C_i(box) unchanged within sampling; C_i(tail) reduced (more conservative floor).",
  "grids": {
    "periods": [
      0.5,
      13.0,
      0.02
    ],
    "durations": [
      0.05,
      0.1,
      0.2
    ],
    "inj_depths": [
      0.005,
      0.01,
      0.02
    ],
    "inj_periods": [
      3.1,
      7.3
    ]
  },
  "battery_version": "v3 (red-noise-aware depth variability; single 0.15 asymmetry boundary)"
}