{
  "n_ok": 12325,
  "n_total_manifest": 175968,
  "n_cohorts": 3,
  "inj_per_cohort": 300,
  "fwer_sigma": 4.389413018064805,
  "cohort_edges_scatter": [
    0.0007462425048222308,
    0.001101430414094911
  ],
  "cohorts": {
    "0": {
      "n": 4108,
      "median_scatter_ppm": 507.3032225346914,
      "delta0": 3.9236187504613502,
      "sigma0": 0.8433931021445722,
      "lambda": 0.7113119247450448,
      "threshold_sde": 7.625619412360795
    },
    "1": {
      "n": 4108,
      "median_scatter_ppm": 938.372118061508,
      "delta0": 4.129680095020555,
      "sigma0": 0.8226144521581253,
      "lambda": 0.6766945368994127,
      "threshold_sde": 7.740474680171678
    },
    "2": {
      "n": 4109,
      "median_scatter_ppm": 1268.494366926295,
      "delta0": 4.050431151050714,
      "sigma0": 1.0078332624096298,
      "lambda": 1.0157278848192377,
      "threshold_sde": 8.474227593110266
    }
  },
  "completeness": {
    "planet": {
      "0.005": {
        "0": 0.11,
        "1": 0.05,
        "2": 0.06
      },
      "0.010": {
        "0": 0.06333333333333334,
        "1": 0.023333333333333334,
        "2": 0.056666666666666664
      },
      "0.020": {
        "0": 0.04,
        "1": 0.016666666666666666,
        "2": 0.056666666666666664
      }
    },
    "box": {
      "0.005": {
        "0": 0.8666666666666667,
        "1": 0.87,
        "2": 0.67
      },
      "0.010": {
        "0": 0.9533333333333334,
        "1": 0.9166666666666666,
        "2": 0.8333333333333334
      },
      "0.020": {
        "0": 0.9566666666666667,
        "1": 0.9266666666666666,
        "2": 0.86
      }
    },
    "tail": {
      "0.005": {
        "0": 0.5766666666666667,
        "1": 0.6133333333333333,
        "2": 0.6166666666666667
      },
      "0.010": {
        "0": 0.5833333333333334,
        "1": 0.5633333333333334,
        "2": 0.64
      },
      "0.020": {
        "0": 0.58,
        "1": 0.5333333333333333,
        "2": 0.59
      }
    }
  },
  "illustrative_fmax_at_1pct": {
    "planet": 0.00519294682422452,
    "box": 0.000274952639407862,
    "tail": 0.0004165590555773092
  },
  "note": "Frozen Phase-2 detection calibration (T0 / G<11). Noise floor + synthetic injections only; no real candidate revealed. Step 4 applies threshold_sde. | Battery-v3 C_i refresh (T0, tiers [0]): bars/edges/nulls unchanged; completeness recomputed with the red-noise-aware depth-variability test. C_i(box) unchanged within sampling; C_i(tail) reduced (more conservative floor).",
  "grids": {
    "periods": [
      0.5,
      13.0,
      0.02
    ],
    "durations": [
      0.05,
      0.1,
      0.2
    ],
    "inj_depths": [
      0.005,
      0.01,
      0.02
    ],
    "inj_periods": [
      3.1,
      7.3
    ]
  },
  "battery_version": "v3 (red-noise-aware depth variability; single 0.15 asymmetry boundary)"
}