{
  "n_ok": 12325,
  "n_total_manifest": 175968,
  "n_cohorts": 3,
  "inj_per_cohort": 300,
  "fwer_sigma": 4.389413018064805,
  "cohort_edges_scatter": [
    0.0007462425048222308,
    0.001101430414094911
  ],
  "cohorts": {
    "0": {
      "n": 4108,
      "median_scatter_ppm": 507.3032225346914,
      "delta0": 3.9236187504613502,
      "sigma0": 0.8433931021445722,
      "lambda": 0.7113119247450448,
      "threshold_sde": 7.625619412360795
    },
    "1": {
      "n": 4108,
      "median_scatter_ppm": 938.372118061508,
      "delta0": 4.129680095020555,
      "sigma0": 0.8226144521581253,
      "lambda": 0.6766945368994127,
      "threshold_sde": 7.740474680171678
    },
    "2": {
      "n": 4109,
      "median_scatter_ppm": 1268.494366926295,
      "delta0": 4.050431151050714,
      "sigma0": 1.0078332624096298,
      "lambda": 1.0157278848192377,
      "threshold_sde": 8.474227593110266
    }
  },
  "completeness": {
    "planet": {
      "0.005": {
        "0": 0.14333333333333334,
        "1": 0.14,
        "2": 0.17666666666666667
      },
      "0.010": {
        "0": 0.06666666666666667,
        "1": 0.1,
        "2": 0.13333333333333333
      },
      "0.020": {
        "0": 0.03666666666666667,
        "1": 0.07666666666666666,
        "2": 0.12333333333333334
      }
    },
    "box": {
      "0.005": {
        "0": 0.9,
        "1": 0.9166666666666666,
        "2": 0.6366666666666667
      },
      "0.010": {
        "0": 0.96,
        "1": 0.95,
        "2": 0.78
      },
      "0.020": {
        "0": 0.96,
        "1": 0.96,
        "2": 0.8233333333333334
      }
    },
    "tail": {
      "0.005": {
        "0": 0.75,
        "1": 0.7866666666666666,
        "2": 0.68
      },
      "0.010": {
        "0": 0.74,
        "1": 0.7566666666666667,
        "2": 0.7233333333333334
      },
      "0.020": {
        "0": 0.7466666666666667,
        "1": 0.6766666666666666,
        "2": 0.6966666666666667
      }
    }
  },
  "illustrative_fmax_at_1pct": {
    "planet": 0.0024340112505408912,
    "box": 0.0002714612760489716,
    "tail": 0.00032892993609622294
  },
  "note": "Frozen Phase-2 detection calibration (T0 / G<11). Noise floor + synthetic injections only; no real candidate revealed. Step 4 applies threshold_sde.",
  "grids": {
    "periods": [
      0.5,
      13.0,
      0.02
    ],
    "durations": [
      0.05,
      0.1,
      0.2
    ],
    "inj_depths": [
      0.005,
      0.01,
      0.02
    ],
    "inj_periods": [
      3.1,
      7.3
    ]
  }
}