{
  "n_ok": 44380,
  "n_total_manifest": 175968,
  "n_cohorts": 3,
  "inj_per_cohort": 300,
  "fwer_sigma": 4.389413018064805,
  "cohort_edges_scatter": [
    0.0009006997706220143,
    0.001642891907673205
  ],
  "cohorts": {
    "0": {
      "n": 14794,
      "median_scatter_ppm": 595.3944882153933,
      "delta0": 3.8376327755107713,
      "sigma0": 0.7815343688763128,
      "lambda": 0.6107959697348966,
      "threshold_sde": 7.26810990832152
    },
    "1": {
      "n": 14792,
      "median_scatter_ppm": 1262.2591456791147,
      "delta0": 4.029286630391695,
      "sigma0": 0.9318738445108194,
      "lambda": 0.868388862083375,
      "threshold_sde": 8.119665814681584
    },
    "2": {
      "n": 14794,
      "median_scatter_ppm": 2051.0959514739156,
      "delta0": 4.034020549776369,
      "sigma0": 1.0741184082477027,
      "lambda": 1.1537303549365785,
      "threshold_sde": 8.748769873881882
    }
  },
  "completeness": {
    "planet": {
      "0.005": {
        "0": 0.38333333333333336,
        "1": 0.28,
        "2": 0.21666666666666667
      },
      "0.010": {
        "0": 0.23,
        "1": 0.19333333333333333,
        "2": 0.11666666666666667
      },
      "0.020": {
        "0": 0.07666666666666666,
        "1": 0.11666666666666667,
        "2": 0.10333333333333333
      }
    },
    "box": {
      "0.005": {
        "0": 0.7333333333333333,
        "1": 0.7233333333333334,
        "2": 0.38333333333333336
      },
      "0.010": {
        "0": 0.93,
        "1": 0.9033333333333333,
        "2": 0.68
      },
      "0.020": {
        "0": 0.9566666666666667,
        "1": 0.93,
        "2": 0.7633333333333333
      }
    },
    "tail": {
      "0.005": {
        "0": 0.6433333333333333,
        "1": 0.7166666666666667,
        "2": 0.6433333333333333
      },
      "0.010": {
        "0": 0.7133333333333334,
        "1": 0.72,
        "2": 0.7133333333333334
      },
      "0.020": {
        "0": 0.7133333333333334,
        "1": 0.7233333333333334,
        "2": 0.68
      }
    }
  },
  "illustrative_fmax_at_1pct": {
    "planet": 0.000375545793219479,
    "box": 8.068757287656756e-05,
    "tail": 9.446930503340855e-05
  },
  "note": "Frozen Phase-2 detection calibration (T0 / G<11). Noise floor + synthetic injections only; no real candidate revealed. Step 4 applies threshold_sde.",
  "grids": {
    "periods": [
      0.5,
      13.0,
      0.02
    ],
    "durations": [
      0.05,
      0.1,
      0.2
    ],
    "inj_depths": [
      0.005,
      0.01,
      0.02
    ],
    "inj_periods": [
      3.1,
      7.3
    ]
  }
}