{
  "n_ok": 61178,
  "n_total_manifest": 175968,
  "n_cohorts": 3,
  "inj_per_cohort": 300,
  "fwer_sigma": 4.389413018064805,
  "cohort_edges_scatter": [
    0.000877041603771938,
    0.0016977486361066203
  ],
  "cohorts": {
    "0": {
      "n": 20393,
      "median_scatter_ppm": 629.3124534962358,
      "delta0": 3.8393643981042436,
      "sigma0": 0.7522666501943873,
      "lambda": 0.5659051129946847,
      "threshold_sde": 7.14137342552349
    },
    "1": {
      "n": 20392,
      "median_scatter_ppm": 1241.4474769890771,
      "delta0": 3.9673325676517575,
      "sigma0": 0.9935180007148978,
      "lambda": 0.9870780177445277,
      "threshold_sde": 8.32829341367145
    },
    "2": {
      "n": 20393,
      "median_scatter_ppm": 2248.2762915724225,
      "delta0": 3.9812169259314993,
      "sigma0": 1.1488637033819593,
      "lambda": 1.3198878089485107,
      "threshold_sde": 9.024054221538414
    }
  },
  "completeness": {
    "planet": {
      "0.005": {
        "0": 0.11666666666666667,
        "1": 0.10666666666666667,
        "2": 0.08666666666666667
      },
      "0.010": {
        "0": 0.05,
        "1": 0.04,
        "2": 0.07
      },
      "0.020": {
        "0": 0.006666666666666667,
        "1": 0.03333333333333333,
        "2": 0.03333333333333333
      },
      "0.040": {
        "0": 0.0033333333333333335,
        "1": 0.006666666666666667,
        "2": 0.03333333333333333
      },
      "0.080": {
        "0": 0.0033333333333333335,
        "1": 0.006666666666666667,
        "2": 0.016666666666666666
      },
      "0.120": {
        "0": 0.0033333333333333335,
        "1": 0.0033333333333333335,
        "2": 0.016666666666666666
      },
      "0.150": {
        "0": 0.0,
        "1": 0.0,
        "2": 0.0
      }
    },
    "box": {
      "0.005": {
        "0": 0.5166666666666667,
        "1": 0.53,
        "2": 0.22
      },
      "0.010": {
        "0": 0.88,
        "1": 0.8033333333333333,
        "2": 0.5466666666666666
      },
      "0.020": {
        "0": 0.98,
        "1": 0.8766666666666667,
        "2": 0.6533333333333333
      },
      "0.040": {
        "0": 0.98,
        "1": 0.8933333333333333,
        "2": 0.7233333333333334
      },
      "0.080": {
        "0": 0.98,
        "1": 0.9033333333333333,
        "2": 0.7733333333333333
      },
      "0.120": {
        "0": 0.98,
        "1": 0.9166666666666666,
        "2": 0.8166666666666667
      },
      "0.150": {
        "0": 0.0,
        "1": 0.0,
        "2": 0.0
      }
    },
    "tail": {
      "0.005": {
        "0": 0.5966666666666667,
        "1": 0.5566666666666666,
        "2": 0.45
      },
      "0.010": {
        "0": 0.5866666666666667,
        "1": 0.5733333333333334,
        "2": 0.4766666666666667
      },
      "0.020": {
        "0": 0.5266666666666666,
        "1": 0.5333333333333333,
        "2": 0.5066666666666667
      },
      "0.040": {
        "0": 0.49333333333333335,
        "1": 0.49666666666666665,
        "2": 0.48333333333333334
      },
      "0.080": {
        "0": 0.4266666666666667,
        "1": 0.4633333333333333,
        "2": 0.46
      },
      "0.120": {
        "0": 0.29,
        "1": 0.3566666666666667,
        "2": 0.3333333333333333
      },
      "0.150": {
        "0": 0.15,
        "1": 0.22,
        "2": 0.21
      }
    },
    "triangle": {
      "0.005": {
        "0": 0.17333333333333334,
        "1": 0.12666666666666668,
        "2": 0.09666666666666666
      },
      "0.010": {
        "0": 0.07333333333333333,
        "1": 0.04666666666666667,
        "2": 0.043333333333333335
      },
      "0.020": {
        "0": 0.016666666666666666,
        "1": 0.023333333333333334,
        "2": 0.023333333333333334
      },
      "0.040": {
        "0": 0.0033333333333333335,
        "1": 0.01,
        "2": 0.02
      },
      "0.080": {
        "0": 0.0,
        "1": 0.006666666666666667,
        "2": 0.013333333333333334
      },
      "0.120": {
        "0": 0.0,
        "1": 0.0033333333333333335,
        "2": 0.02666666666666667
      },
      "0.150": {
        "0": 0.0,
        "1": 0.0,
        "2": 0.0
      }
    }
  },
  "illustrative_fmax_at_1pct": {
    "planet": 0.0009194444103909477,
    "box": 6.596946229610673e-05,
    "tail": 8.988502806060767e-05,
    "triangle": 0.0009006818161348141
  },
  "note": "Frozen Phase-2 detection calibration for the combined bright+faint sample T0T1T2 (G<13; tiers 0,1,2; 61,178 ok stars). Noise floor + synthetic injections only; NO real candidate revealed -- this lifts no blind. Battery v4 adds activity-robust morphology (local per-transit detrending) to v3; validated candidate-blind on injections before any G12-13 unblind (k04 --test regression preserved; active-host planet recovery +0.19; box completeness neutral on a fixed-sample v3->v4 comparison, f_max(box) ratio 1.01x). Step 4 (k04 --unblind, KRUN=T0T1T2) applies threshold_sde and is deferred to explicit human direction.",
  "grids": {
    "periods": [
      0.5,
      13.0,
      0.02
    ],
    "durations": [
      0.05,
      0.1,
      0.2
    ],
    "inj_depths": [
      0.005,
      0.01,
      0.02,
      0.04,
      0.08,
      0.12,
      0.15
    ],
    "inj_periods": [
      3.1,
      7.3
    ]
  },
  "tiers": [
    0,
    1,
    2
  ],
  "battery_version": "v4 (activity-robust morphology: local per-transit detrending; red-noise-aware depth variability; single 0.15 asymmetry boundary)"
}